"Year";"PopularityRating";"BookTitle";"Author";"Genre";"FirstPoblicationYear";"Publisher";"OriginalLanguage";"Country";"RussianTranslationYear";"Description";"global_id";
"2014";"1";"«Любовь к трем цукербринам»";"Виктор Пелевин";"антиутопия";"2014";"«Эксмо»";"русский";"РОССИЯ";"";"«Любовь к трем цукербринам» заставляет вспомнить лучшие образцы творчества Виктора Пелевина. Этой книгой он снова бьет по самым чувствительным, болезненным точкам представителя эры потребления. Автор оглушает читателей новой неожиданной трактовкой бытия, в которой сплетается древний миф и уловки креативщиков, реальность и виртуальность.";"841850996";
"2014";"2";"«Сто лет одиночества»";"Габриэль Гарсиа Маркес";"роман";"1967";"-";"испанский";"АРГЕНТИНА";"1967";"История рода Буэндиа - семьи, в которой чудеса столь повседневны, что на них даже не обращают внимания. В нем кипят необычайные страсти и происходят невероятные события. Однако эти невероятные события снова и снова становятся своеобразным «волшебным зеркалом», сквозь которое читателю является подлинная история Латинской Америки.";"841851095";
"2014";"3";"«Обитель»";"Захар Прилепин";"роман";"2014";"«АСТ»";"русский";"РОССИЯ";"";"«Обитель» – трагическая история одной любви и история всей страны с ее болью, кровью, ненавистью, отраженная в Соловецком острове, как в зеркале. Мощный текст о степени личной свободы и о степени физических возможностей человека.";"841851173";
"2014";"4";"«Три товарища»";"Эрих Мария Ремарк";"роман";"1936";"«Gyldendal»";"немецкий";"ДАНИЯ";"1958";"Знаменитый роман о враждебном человеку послевоенном мире «веймарской» Германии известного немецкого писателя Э. М. Ремарка (1898 - 1970). Вот уже много лет эта книга остается одной из любимейших для миллионов читателей во всем мире.";"841851196";
"2014";"5";"«Географ глобус пропил»";"Алексей Иванов";"роман";"1997";"«Вагриус»";"русский";"РОССИЯ";"";"Молодой биолог Виктор Служкин от безденежья идет работать учителем географии в обычную пермскую школу. Он борется, а потом и дружит с учениками, конфликтует с завучем, ведет девятиклассников в поход – сплавляться по реке. Еще он пьет с друзьями вино, пытается ужиться с женой и водит в детский сад маленькую дочку. Он просто живет. Но эту простую частную историю Алексей Иванов написал так отчаянно, так нежно и так пронзительно, что «Географ глобус пропил», как это бывает с замечательными книгами, стал историей про каждого.";"841851219";
"2014";"6";"«Чтец»";"Бернхард Шлинк";"драма";"1995";"«Vintage books»";"немецкий";"ГЕРМАНИЯ";"2009";"Роман описывает разрыв между поколениями в Германии, осмысление молодыми немцами преступлений периода Холокоста. Главные герои - Михаэль Берг и Ханна Шмиц. Повествование охватывает почти 40-летний период с 1958 по 1990 в Западной Германии - в городе Хайдельберг.";"841851252";
"2014";"7";"«Щегол»";"Донна Тартт";"роман";"2013";"«Little, Brown and Company»";"английский";"СОЕДИНЕННЫЕ ШТАТЫ";"2014";"Роман «Щегол» – лауреат Пулитцеровской премии, Донна Тартт писала более 10 лет, – огромное эпическое полотно о силе искусства и о том, как оно – подчас совсем не так, как нам того хочется – способно перевернуть всю нашу жизнь.";"841851297";
"2014";"8";"«Огненный перст»";"Борис Акунин";"приключения";"2014";"«АСТ»";"русский";"РОССИЯ";"";"Три повести, входящие в эту книгу, посвящены жизни Древней Руси. Это начало очень длинного, на тысячу лет, рассказа о взлетах и падениях одного рода, живущего в России с незапамятных времен. Сага является художественным сопровождением многотомной «Истории Российского государства», первый том которой выходит одновременно с «Огненным перстом».";"841851313";
"2014";"9";"«Дерево на крыше»";"Виктория Токарева";"современная проза";"2011";"«Издательство Астрель»";"русский";"РОССИЯ";"";"Искренняя, трогательная история женщины с говорящим именем Вера. Провинциальная девчонка, сумевшая «пробиться в артистки», испытала и ужас блокады, и голодное безумие, и жертвенную страсть, и славу. А потом потеряла все";"841851377";
"2014";"10";"«Окна»";"Дина Рубина";"современная проза";"2012";"«Эксмо»";"русский";"РОССИЯ";"";"Дина Рубина – талантливый автор современной прозы. Ее рассказы, повести и романы печатаются с 1971 года и неизменно получают хорошие отзывы критиков и читателей. Сюжеты произведений Рубиной всегда кажутся автобиографичными, хотя бы отчасти, а потому очень искренними и чувственными. «Окна» – новое произведение Рубиной, сборник рассказов.";"841851427";
"2015";"1";"«Обитель»";"Захар Прилепин";"роман";"2014";"«АСТ»";"русский";"РОССИЯ";"";"«Обитель» – трагическая история одной любви и история всей страны с ее болью, кровью, ненавистью, отраженная в Соловецком острове, как в зеркале. Мощный текст о степени личной свободы и о степени физических возможностей человека.";"842055153";
"2015";"2";"«Детство 45-53 а завтра будет счастье»";"Людмила Улицкая";"публицистика";"2013";"«АСТ»";"русский";"РОССИЯ";"";"Книга собрана из драгоценных воспоминаний разных людей, наших современников. Сложенные вместе, отрывки из писем людей разного возраста, социального происхождения и образовательного уровня меняют отношение к событиям прошлого, расставляют акценты иные, чем те, к которым мы давно привыкли.";"842060874";
"2015";"3";"«Любовь к трем цукербринам»";"Виктор Пелевин";"антиутопия";"2014";"«Эксмо»";"русский";"РОССИЯ";"";"«Любовь к трем цукербринам» заставляет вспомнить лучшие образцы творчества Виктора Пелевина. Этой книгой он снова бьет по самым чувствительным, болезненным точкам представителя эры потребления. Автор оглушает читателей новой неожиданной трактовкой бытия, в которой сплетается древний миф и уловки креативщиков, реальность и виртуальность.";"842062760";
"2015";"4";"«Русская канарейка. Блудный сын»";"Дина Рубина";"современная проза";"2014";"«Эксмо»";"русский";"РОССИЯ";"";"«Блудный сын» - третий и заключительный том романа Дины Рубиной «Русская канарейка», полифоническая кульминация грандиозной саги о любви и о Музыке.";"842070769";
"2015";"5";"«Ночной Дозор»";"Сергей Лукьяненко";"фэнтези";"1998";"«АСТ»";"русский";"РОССИЯ";"";"История вечного противостояния Светлых и Темных магов. История опасных приключений Антона Городецкого и его друзей из Ночного Дозора.";"842075018";
"2015";"6";"«Братья Карамазовы»";"Фёдор Достоевский";"роман";"1880";"«Русский вестник»";"русский";"РОССИЯ";"";"Самый сложный, самый многоуровневый и неоднозначный из романов Достоевского, который критики считают «интеллектуальным детективом», «ранним постмодернизмом», и «лучшим из произведений о загадочной русской душе».";"842088790";
"2015";"7";"«Щегол»";"Донна Тартт";"роман";"2013";"«Little, Brown and Company»";"английский";"СОЕДИНЕННЫЕ ШТАТЫ";"";"Роман «Щегол» - лауреат Пулитцеровской премии, Донна Тартт писала более 10 лет, - огромное эпическое полотно о силе искусства и о том, как оно - подчас совсем не так, как нам того хочется - способно перевернуть всю нашу жизнь.";"842093162";
"2015";"8";"«Три товарища»";"Эрих Мария Ремарк";"роман";"1936";"«Gyldendal»";"немецкий";"ДАНИЯ";"1958";"Знаменитый роман о враждебном человеку послевоенном мире «веймарской» Германии известного немецкого писателя Э.М. Ремарка (1898 - 1970). Вот уже много лет эта книга остается одной из любимейших для миллионов читателей во всем мире.";"842102073";
"2015";"9";"«Игра престолов»";"Джордж Мартин";"фэнтези";"1996";"«Bantam Spectra»";"английский";"СОЕДИНЕННЫЕ ШТАТЫ";"1999";"«Игра престолов» – это суровые земли вечного холода и радостные земли вечного лета. Это легенда о лордах и героях, воинах и магах, убийцах и чернокнижниках, которых свело вместе исполнение древнего пророчества. Это история о таинственных воителях, что сражаются мечами из неведомого металла, и о племени странных созданий, что повергают своих врагов в безумие.";"842108577";
"2015";"10";"«Вино из одуванчиков»";"Рэй Брэдбери";"фэнтези";"1957";"«Doubleday»";"английский";"СОЕДИНЕННЫЕ ШТАТЫ";"1987";"Войдите в светлый мир двенадцатилетнего мальчика и проживите с ним одно лето, наполненное событиями радостными и печальными, загадочными и тревожными. Лето, когда каждый день совершаются удивительные открытия, главное из которых - ты живой, ты дышишь, ты чувствуешь! «Вино из одуванчиков» Рэя Брэдбери - классическое произведение, вошедшее в золотой фонд мировой литературы.";"842112802";
"2016";"1";"«Лестница Якова»";"Людмила Улицкая";"роман";"2015";"«АСТ»";"русский";"РОССИЯ";"";"Лестница Якова - это роман-притча, причудливо разветвленная семейная хроника с множеством героев и филигранно выстроенным сюжетом.";"842115342";
"2016";"2";"«Зулейха открывает глаза»";"Гузель Яхина";"роман";"2015";"«АСТ»";"русский";"РОССИЯ";"";"Роман «Зулейха открывает глаза» начинается зимой 1930 года в глухой татарской деревне. Крестьянку Зулейху вместе с сотнями других переселенцев отправляют в вагоне-теплушке по извечному каторжному маршруту в Сибирь.";"842116986";
"2016";"3";"«Русская канарейка»";"Дина Рубина";"роман";"2014";"«Эксмо»";"русский";"РОССИЯ";"";"Кипучее, неизбывно музыкальное одесское семейство и алма-атинская семья скрытных, молчаливых странников... На протяжении столетия их связывает только тоненькая ниточка птичьего рода - блистательный маэстро кенарь Желтухин и его потомки.";"842136591";
"2016";"4";"«Обитель»";"Захар Прилепин";"роман";"2014";"«Азбука»";"русский";"РОССИЯ";"";"Роман Захара Прилепина «Обитель» обращается к лагерной теме, исследуя Соловки 20-х годов как некое государство в государстве, где действуют свои суровые законы, но где жизнь не умирала ни на минуту.";"842143061";
"2016";"5";"«Лавр»";"Евгений Водолазкин";"роман";"2012";"«АСТ»";"русский";"РОССИЯ";"";"Герой романа «Лавр» -
средневековый врач. Обладая даром исцеления, он тем не менее не может спасти свою возлюбленную и принимает решение пройти земной путь вместо нее.";"842157268";
"2016";"6";"«Шантарам»";"Грегори Дэвид Робертс";"роман";"2003";"«Азбука-классика»";"английский";"АВСТРАЛИЯ";"2010";"Эта преломленная в художественной форме исповедь человека, который сумел выбраться из бездны и уцелеть, протаранила все списки бестселлеров и заслужила восторженные сравнения с произведениями лучших писателей нового времени, от Мелвилла до Хемингуэя.";"842162705";
"2016";"7";"«Щегол»";"Донна Тартт";"роман";"2013";"«АСТ»";"английский";"СОЕДИНЕННЫЕ ШТАТЫ";"2015";"Роман, который лауреат Пулитцеровской премии Донна Тартт писала более 10 лет, - огромное эпическое полотно о силе искусства и о том, как оно - подчас совсем не так, как нам того хочется - способно перевернуть всю нашу жизнь.";"842164728";
"2016";"8";"«Авиатор»";"Евгений Водолазкин";"роман";"2016";"«АСТ»";"русский";"РОССИЯ";"";"Герой романа «Авиатор» очнувшись однажды на больничной койке, понимает, что не знает про себя ровным счётом ничего - ни своего имени, ни кто он такой, ни где находится.";"842175090";
"2016";"9";"Таинственная страсть";"Василий Аксенов";"роман";"2009";"«Семь дней»";"русский";"РОССИЯ";"";"Герои «Таинственной страсти» носят вымышленные имена, но за ними без труда угадываются реальные люди. Например, Роберт Рождественский, Евгений Евтушенко, Булат Окуджава, Белла Ахмадулина, Владимир Высоцкий и многие другие известные люди.";"842176128";
"2016";"10";"«До встречи с тобой»";"Джоджо Мойес";"роман";"2012";"«Иностранка»";"английский";"СОЕДИНЕННЫЕ ШТАТЫ";"";"Лу Кларк знает, что ей очень нравится работа в кафе и что, скорее всего, она не любит своего бойфренда Патрика. Но Лу не знает, что вот-вот потеряет свою работу и в скором времени ей понадобятся все силы, чтобы преодолеть свалившиеся на нее проблемы.";"842177592";
"2017";"1";"«Авиатор»";"Евгений Водолазкин";"роман";"2016";"«АСТ»";"русский";"РОССИЯ";"";"Герой романа «Авиатор» очнувшись однажды на больничной койке, понимает, что не знает про себя ровным счётом ничего - ни своего имени, ни кто он такой, ни где находится. В надежде восстановить историю своей жизни, он начинает записывать посетившие его воспоминания, отрывочные и хаотичные. Петербург начала 20 века, дачное детство в Сиверской и Алуште, гимназия и первая любовь, революция 1917-го, влюбленность в авиацию, Соловки. Но откуда он так точно помнит детали быта, фразы, запахи, звуки того времени, если на календаре - 1999 год?";"843034580";
"2017";"2";"«С неба упали три яблока»";"Наринэ Абгарян";"роман";"2015";"«АСТ»";"русский";"РОССИЯ";"";"История одной маленькой деревни, затерянной высоко в горах, и её немногочисленных обитателей, каждый из которых немножко чудак, немножко ворчун и в каждом из которых таятся настоящие сокровища духа.";"843034583";
"2017";"3";"«Лавр»";"Евгений Водолазкин";"роман";"2012";"«Астрель»";"русский";"РОССИЯ";"";"Герой нового романа «Лавр» - средневековый врач. Обладая даром исцеления, он тем не менее не может спасти свою возлюбленную и принимает решение пройти земной путь вместо нее. Так жизнь превращается в житие. Он выхаживает чумных и раненых, убогих и немощных, и чем больше жертвует собой, тем очевиднее крепнет его дар. Но возможно ли любовью и жертвой спасти душу человека, не сумев уберечь ее земной оболочки?";"843034584";
"2017";"4";"«Зулейха открывает глаза»";"Гузель Яхина";"роман";"2014";"Журнал «Сибирские огни»";"русский";"РОССИЯ";"";"Роман «Зулейха открывает глаза» начинается зимой 1930 года в глухой татарской деревне. Крестьянку Зулейху вместе с сотнями других переселенцев отправляют в вагоне-теплушке по извечному каторжному маршруту в Сибирь. Дремучие крестьяне и ленинградские интеллигенты, деклассированный элемент и уголовники, мусульмане и христиане, язычники и атеисты, русские, татары, немцы, чуваши - все встретятся на берегах Ангары, ежедневно отстаивая у тайги и безжалостного государства свое право на жизнь. Всем раскулаченным и переселенным посвящается.";"843034586";
"2017";"5";"«Лестница Якова»";"Людмила Улицкая";"роман";"2015";"«АСТ»";"русский";"РОССИЯ";"";"«Лестница Якова» – это роман-притча, роман-размышление, филигранно выполненный Улицкой в форме нелинейной семейной хроники. В книге, охватывающей более чем столетний период российской истории, с конца 19 века по 2011 год, описаны судьбы шести поколений семьи Осецких. Читателю предстоит погрузиться в текст, в котором причудливо переплетаются эпохи, культуры и мировоззрения.";"843034589";
"2017";"6";"«Крепость»";"Петр Алешковский";"роман";"2015";"«АСТ»";"русский";"РОССИЯ";"";"Главный герой его нового романа «Крепость» - археолог Иван Мальцов, фанат своего дела, честный и принципиальный до безрассудства. Он ведет раскопки в старинном русском городке, пишет книгу об истории Золотой Орды и сам - подобно монгольскому воину из его снов-видений - бросается на спасение древней Крепости, которой грозит уничтожение от рук местных нуворишей и столичных чиновников. Средневековые легенды получают новое прочтение, действие развивается стремительно, чтобы завершиться острым и неожиданным финалом.";"843034604";
"2017";"7";"«Ненастье»";"Алексей Иванов";"роман";"2015";"«АСТ»";"русский";"РОССИЯ";"";"2008 год. Простой водитель, бывший солдат Афганской войны, в одиночку устраивает дерзкое ограбление спецфургона, который перевозит деньги большого торгового центра. Так в миллионном, но захолустном городе Батуеве завершается долгая история дерзкого и могучего союза ветеранов Афганистана - то ли общественной организации, то ли бизнес-альянса, то ли криминальной группировки - в «лихие девяностые», когда этот союз образовался и набрал силу, сложно было отличить одно от другого. Но роман не про деньги и не про криминал, а про ненастье в душе. Про отчаянные поиски причины, по которой человек должен доверять человеку в мире, где торжествуют только хищники, - но без доверия жить невозможно. Роман о том, что величие и отчаянье имеют одни и те же корни. О том, что каждый из нас рискует ненароком попасть в ненастье и уже не вырваться оттуда никогда, потому что ненастье - это убежище и ловушка, спасение и погибель, великое утешение и вечная боль жизни.";"843034613";
"2017";"8";"«Зимняя дорога»";"Леонид Юзефович";"роман";"2015";"«АСТ»";"русский";"РОССИЯ";"";"«Зимняя дорога» основана на архивных источниках и написана в форме документального романа. Несмотря на это, в книге рассказывается интересная история. История о последних боях Гражданской войны в России и борьбе двух людей.";"843034620";
"2017";"9";"«Бабий ветер»";"Дина Рубина";"роман";"2017";"«ЭКСМО»";"русский";"РОССИЯ";"";"В центре повествования этой, подчас шокирующей, резкой и болевой книги - Женщина. Героиня, в юности - парашютистка и пилот воздушного шара, пережив личную трагедию, вынуждена заняться совсем иным делом в другой стране, можно сказать, в зазеркалье - она косметолог, живет и работает в Нью-Йорке. Целая вереница странных персонажей проходит перед ее глазами, ибо, по роду своей нынешней профессии, героиня сталкивается с фантастическими, на сегодняшний день почти обыденными «гендерными перевертышами», с обескураживающими, а то и отталкивающими картинками жизни общества. И, как ни странно, из этой гирлянды, по выражению героини, «калек» вырастает гротесковый, трагический, ничтожный и высокий образ современной любви.";"843034629";
"2017";"10";"«Шантарам»";"Грегори Дэвид Робертс";"роман";"2003";"«Азбука-классика»";"английский";"АВСТРАЛИЯ";"2010";"Главный герой - бывший наркоман и грабитель, сбежавший из австралийской тюрьмы, где отбывал девятнадцатилетний срок заключения. После некоторого времени, проведенного в Австралии и Новой Зеландии, по фальшивому паспорту на имя Линдсея Форда он приезжает в Бомбей. Благодаря личным качествам быстро заводит знакомых и друзей среди местных жителей и живущих в Бомбее иностранцев. Крестьянка, мать индийского друга героя, нарекает его индийским именем Шантарам, что означает в переводе с маратхи - «мирный человек» или «человек, которому Бог даровал мирную судьбу». Зарабатывает на жизнь, выступая в качестве посредника в мелких нелегальных сделках. Поселяется в трущобах, где оказывает медицинскую помощь их жителям. Заводит множество знакомств в криминальных кругах. По доносу попадает в тюрьму, где в ужасных условиях проводит 4 месяца. После освобождения начинает работать на крупного бомбейского мафиози Абделя Кадер Хана, к которому испытывает почти сыновью любовь.";"843034631";
"2018";"1";"«Зулейха открывает глаза»";"Гузель Яхина";"роман";"2015";"«АСТ»";"русский";"РОССИЯ";"";"Действие романа «Зулейха открывает глаза» начинается в 1930 году в далёкой татарской деревне. Зимой 1930-го у крестьянки Зулейхи убивают мужа, а её саму вместе с сотнями других переселенцев отправляют в вагоне-теплушке по каторжному маршруту в Сибирь. Во второй части романа рассказывается история выживания ссыльных, брошенных в глухой тайге на берегу Ангары без пищи, крова и тёплой одежды. Кучке людей самых разных национальностей, конфессий и судеб приходится вместе бороться за выживание против суровой природы и нового правительства.";"919209472";
"2018";"2";"«Бабий ветер»";"Дина Рубина";"роман";"2017";"«ЭКСМО»";"русский";"РОССИЯ";"";"В центре повествования этой, подчас шокирующей, резкой и болевой книги - Женщина. Героиня, в юности - парашютистка и пилот воздушного шара, пережив личную трагедию, вынуждена заняться совсем иным делом в другой стране, можно сказать, в зазеркалье - она косметолог, живёт и работает в Нью-Йорке. Целая вереница странных персонажей проходит перед её глазами, ибо по роду своей нынешней профессии, героиня сталкивается с фантастическими, на сегодняшний день почти обыденными «гендерными перевёртышами», с обескураживающими, а то и отталкивающими картинками жизни общества. И, как ни странно, из этой гирлянды, по выражению героини, «калек» вырастает гротесковый, трагический, ничтожный и высокий образ современной любви.";"919210946";
"2018";"3";"«Патриот»";"Андрей Рубанов";"роман";"2017";"«АСТ»";"русский";"РОССИЯ";"";"Супермаркет бизнесмена Сергея Знаева «Готовься к войне» торгует телогрейками и готовится к краху. Сам Знаев плотно сидит на препаратах против воспаления лицевого нерва, тонет в долгах и однажды узнаёт, что у него есть шестнадцатилетний внебрачный сын Сергей - плод давнего и забытого романа с некой Вероникой. Знаев-старший признаёт вновь обретённого ребенка, находит его хорошем парнем и поддерживает контакт с его матерью. В то же время на бизнесмена серьезно давят конкурент Григорий Молнин и кредитор Женя Плоцкий - первый хочет выкупить или «отжать» супермаркет «Готовься к войне», а второй требует вернуть старый долг. Под натиском этих проблем Сергей Знаев задумывается о том, чтобы поехать воевать на стороне сепаратистов на Донбасс. Знакомые Знаева-старшего отговаривают его от боевой поездки, однако бизнесмен даже встречается с людьми, которые могут отправить его воевать. Но они также пытаются отговорить Сергея. Знаева начинают мучить галлюцинации из-за смешивания таблеток и алкоголя - привидившийся чёрт чуть было не заставляет бизнесмена покончить с собой. В плату долга Плоцкому Знаев продаёт квартиру и соглашается на сделку с Молниным. Перед самым отъездом Сергей оставляет крупную сумму внебрачному сыну, а ребёнок от бывшей жены Виталий от денег отказывается.Знаев-старший улетает из Москвы, но не на Украину, а в Лос-Анджелес.Там он живёт беззаботной жизнью и катается на доске для серфинга. Во время одного из ночных заплывов Сергея уносит в открытый океан, где он теряет силы.";"919214844";
"2018";"4";"«Авиатор»";"Евгений Водолазкин";"роман";"2016";"«АСТ»";"русский";"РОССИЯ";"";"Герой нового романа «Авиатор», очнувшись однажды на больничной койке, понимает, что не знает про себя ровным счетом ничего - ни своего имени, ни кто он такой, ни где находится. В надежде восстановить историю своей жизни, он начинает записывать посетившие его воспоминания, отрывочные и хаотичные - Петербург начала ХХ века, дачное детство в Сиверской и Алуште, гимназия и первая любовь, революция 1917-го, влюбленность в авиацию, Соловки. Но откуда он так точно помнит детали быта, фразы, запахи, звуки того времени, если на календаре - 1999 год.";"919214900";
"2018";"5";"«Лавр»";"Евгений Водолазкин";"роман";"2012";"«АСТ»";"русский";"РОССИЯ";"";"Действие романа происходит в средневековой Руси 15-16 века. Главный герой - травник Арсений, обладающий целительными способностями, выросший у деда Христофора, грамотея и ведуна. Его тайная возлюбленная, невенчаная жена Устина умирает во время родов, их сын погибает в утробе. Арсений, сокрушаясь, что Устина умерла из-за него и без причастия, стремится искупить грех и отмолить её душу, посвятив ей свою жизнь. С неослабевающей любовью к Устине он в течение своей долгой жизни становится странствующим травником, исцеляющим людей, юродивым, принявшим имя своей возлюбленной, путешествует паломником в Иерусалим и обратно, постригается в монахи, а потом в схиму, приняв имя Лавр.";"919216695";
"2018";"6";"«Текст»";"Дмитрий Глуховский";"роман";"2017";"«АСТ»";"русский";"РОССИЯ";"";"Москва, осень 2016 года. В город возвращается бывший студент-филолог Илья Горюнов, который отсидел семь лет за подкинутые в клубе наркотики. Главный герой не узнаёт столицу, которая сильно изменилась за эти годы. В особенности его глаз цепляется за смартфоны, которые раньше были «только у продвинутых», в сейчас у каждого. Горюнов направляется домой, в подмосковную Любню. Она, в отличие от Москвы, осталась той же. Героя охватывают воспоминания - школьные годы, бывшая девушка, друзья. Илья мечтает наконец увидеть мать, с которой он жил до ареста, но, приехав домой, узнаёт, что мать умерла от инфаркта за день до его возвращения. Илья приглашает к себе старого друга Серёгу, но при встрече понимает, что они стали друг другу чужими. С помощью телефона товарища Горюнов находит в «Контакте» страницу Петра Хазина - лейтенанта ФСКН, который семь лет назад отправил Илью за решётку, подкинув наркотики. Сам герой называет его про себя «Сукой». Видя довольное лицо человека, сломавшего ему жизнь, герой решает отомстить. В итоге в руках Горюнова оказывается телефон его обидчика, в котором спрятана вся жизнь и весь компромат на Хазина.";"919216704";
"2018";"7";"«Тайный год»";"Михаил Гиголашвили";"роман";"2017";"«АСТ»";"русский";"РОССИЯ";"";"1575 год, страна разорена опричниной. Иван Грозный, разочаровавшийся в своих реформах и уставший от власти, отправляется в Александрову слободу, чтобы посвятить жизнь семье и спасению души. Его жена не отходит от прикованного к кровати ребенка. Да и сам Грозный не здоров. Его мучают боли, кошмары и галлюцинации. Слуги, бросающиеся врассыпную при любом его неловком движении, обсуждают его безумства за спиной. Он злится, но понимает, что пересуды о его ненормальности имеют под собой твердую почву. Мы видим уставшего, но не сломленного человека. Несмотря ни на что Грозный продолжает вести активную жизнь - принимает послов, отдает приказы, выделяет деньги. Он строит планы на будущее и продолжает мечтать.";"919216715";
"2018";"8";"«С неба упали три яблока»";"Наринэ Абгарян";"роман";"2015";"«АСТ»";"русский";"РОССИЯ";"";"История одной маленькой деревни, затерянной высоко в горах, и её немногочисленных обитателей, каждый из которых немножко чудак, немножко ворчун и в каждом из которых таятся настоящие сокровища духа.";"919216808";
"2018";"9";"«Дети мои»";"Гузель Яхина";"роман";"2018";"«АСТ»";"русский";"РОССИЯ";"";"Поволжье, 1920-1930-е годы. Якоб Бах - российский немец, учитель в колонии Гнаденталь. Он давно отвернулся от мира, растит единственную дочь Анче на уединенном хуторе и пишет волшебные сказки, которые чудесным и трагическим образом воплощаются в реальность.";"919216846";
"2018";"10";"«Город Брежнев»";"Шамиль Идиатуллин";"роман";"2017";"«Азбука-Аттикус»";"русский";"РОССИЯ";"";"Тринадцатилетний Артур живёт в лучшей в мире стране СССР и лучшем в мире городе Брежневе. Живёт полной жизнью счастливого советского подростка - зевает на уроках и пионерских сборах, поёт под гитару в подъезде, балдеет на дискотеках, мечтает научиться запрещённому каратэ и очень не хочет ехать в надоевший пионерлагерь. Но именно в пионерлагере Артур исполнит мечту - встретит первую любовь и первого наставника. Эта встреча навсегда изменит жизнь Артура, его родителей, друзей и всего лучшего в мире города лучшей в мире страны, которая незаметно для всех и для себя уже хрустнула и начала рассыпаться на куски и в прах.";"919216878";
"2019";"1";"«Авиатор»";"Евгений Водолазкин";"роман";"2016";"«АСТ»";"русский";"РОССИЯ";"";"Евгений Водолазкин - прозаик, филолог. Автор. В России его называют «русским Умберто Эко», в Америке - после выхода «Лавра» на английском - «русским Маркесом». Ему же достаточно быть самим собой. Произведения Водолазкина переведены на многие иностранные языки. Новый роман лауреата премии «Большая книга», бестселлера «Лавр» и изящного романа «Соловьев и Ларионов» Евгения Водолазкина «Авиатор» - яркое событие в литературе. Книга оценивается критиками как один самых ожидаемых русских романов 2016 года (по версии Форбс, Медуза и др.) Герой романа «Авиатор» - человек в состоянии табула раса. Очнувшись однажды на больничной койке, он понимает, что не знает про себя ровным счётом ничего - ни своего имени, ни кто он такой, ни где находится. В надежде восстановить историю своей жизни, он начинает записывать посетившие его воспоминания, отрывочные и хаотичные. Петербург начала ХХ века, дачное детство в Сиверской и Алуште, гимназия и первая любовь, революция 1917-го, влюбленность в авиацию, Соловки Но откуда он так точно помнит детали быта, фразы, запахи, звуки того времени, если на календаре - 1999 год? На передней стороне переплета рисунок Михаила Шемякина, созданный специально для этого издания.";"1035304940";
"2019";"2";"«Зулейха открывает глаза»";"Гузель Яхина";"роман";"2015";"«АСТ»";"русский";"РОССИЯ";"";"Гузель Яхина родилась и выросла в Казани, окончила факультет иностранных языков, учится на сценарном факультете Московской школы кино. Публиковалась в журналах «Нева», «Сибирские огни», «Октябрь». Роман «Зулейха открывает глаза» начинается зимой 1930 года в глухой татарской деревне. Крестьянку Зулейху вместе с сотнями других переселенцев отправляют в вагоне-теплушке по извечному каторжному маршруту в Сибирь.
Дремучие крестьяне и ленинградские интеллигенты, деклассированный элемент и уголовники, мусульмане и христиане, язычники и атеисты, русские, татары, немцы, чуваши - все встретятся на берегах Ангары, ежедневно отстаивая у тайги и безжалостного государства свое право на жизнь.
Всем раскулаченным и переселенным посвящается.";"1035304947";
"2019";"3";"«Петровы в гриппе и вокруг него»";"Алексей Сальников";"роман";"2016";"«АСТ»";"русский";"РОССИЯ";"";"Алексей Сальников родился в 1978 году в Тарту. Публиковался в альманахе «Вавилон», журналах «Воздух», «Урал», «Волга». Автор трех поэтических сборников. Лауреат премии «ЛитератуРРентген» (2005), финалист «Большой книги» и «НОС». Живет в Екатеринбурге. Пишет Сальников как, пожалуй, никто другой сегодня, а именно - свежо, как первый день творения. На каждом шагу он выбивает у читателя почву из-под ног, расшатывает натренированный многолетним чтением «нормальных» книг вестибулярный аппарат. Все случайные знаки, встреченные гриппующими Петровыми в их болезненном полубреду, собираются в стройную конструкцию без единой лишней детали. Из всех щелей начинает сочиться такая развеселая хтонь и инфернальная жуть, что Мамлеев с Горчевым дружно пускаются в пляс, а Гоголь с Булгаковым аплодируют. Поразительный, единственный в своем роде язык, заземленный и осязаемый материальный мир и по-настоящему волшебная мерцающая неоднозначность (то ли все происходящее в романе - гриппозные галлюцинации трех Петровых, то ли и правда обнажилась на мгновение колдовская изнанка мира) - как ни посмотри, выдающийся текст и настоящий читательский праздник. Галина Юзефович.";"1035304954";
"2019";"4";"«Призрак Канта»";"Татьяна Устинова";"роман";"2016";"«Эксмо»";"русский";"РОССИЯ";"";"Что может быть лучше отпуска... с приключениями! Однако инженер Василий Меркурьев, так мечтавший о холодном море и осеннем лесе, не желает никаких приключений!.. Но они начинаются, как только он приезжает в небольшой отель на взморье. Хозяин знакомит его с постояльцами, среди которых студентка, скучающий юноша, девица, явно вышедшая на охоту, и... молодая ведьма. Меркурьев, разумеется, ни в каких ведьм не верит. И тут, словно в насмешку, окружающая действительность начинает шутить с ним странные шутки. Старинную книгу о жизни философа Канта словно кто-то читает, огонь в камине загорается сам собой, а на заброшенном маяке происходит... убийство. Василий Меркурьев точно знает, что не существует ни ведьм, ни призраков, ни духов - и все время натыкается на тайные или явные следы их присутствия. Даже любовь с молодой ведьмой - или не ведьмой?.. - ему словно напророчили потусторонние силы... Иногда на самом деле бывает трудно поверить. Еще труднее осознать и принять! Но если разрешить себе поверить - жизнь оказывается полна чудес, и не выдуманных, а самых настоящих!";"1035304980";
"2019";"5";"«Дети мои»";"Гузель Яхина";"роман";"2018";"«АСТ»";"русский";"РОССИЯ";"";"«Дети мои» - новый роман Гузель Яхиной, самой яркой дебютантки в истории российской литературы новейшего времени, лауреата премий «Большая книга» и «Ясная Поляна» за бестселлер «Зулейха открывает глаза». «Дети мои» - необыкновенный роман, продолжающий любимую автором тему удивительного сплетения этносов, культур, народов, людских судеб. Если в книге «Зулейха открывает глаза», как метко подметила писатель и переводчик Елена Костюкович, автор «швырнула нас в Сибирь и при этом показала татарщину в себе, и в России, и, можно сказать, во всех нас», то в новом романе пришло время другого исследования - трагических судеб, причудливого фольклора и жизненного уклада поволжских немцев, впоследствии разрушенного депортацией 1941 года. «Я хотела рассказать о мире немецкого Поволжья - ярком, самобытном, живом - о мире, когдато созданном пришлыми людьми в чужой стране, а сегодня затерянном в прошлом. Но это еще и история о том, как большая любовь порождает страхи в нашем сердце и одновременно помогает их превозмочь» Гузель Яхина.";"1035304992";
"2019";"6";"Наполеонов обоз. Книга 1. Рябиновый клин";"Дина Рубина";"роман";"2018";"«Эксмо»";"русский";"РОССИЯ";"";"«Главное в этой книге - любовь. Такая, какая выпадает не каждой паре, снести которую не каждому дано. Аристарх и Надежда встречаются в детстве, вырастают в этой огромной любви, пока не сталкиваются с предательством, сломавшем их жизни, перевернувшем все намерения и планы. Жизнь вышвырнула каждого за пределы круга любви, чтобы спустя двадцать пять лет, полностью изменившихся, вернуть друг другу». Дина Рубина.";"1035304997";
"2019";"7";"«С неба упали три яблока»";"Наринэ Абгарян";"роман";"2015";"«АСТ»";"русский";"РОССИЯ";"";"История одной маленькой деревни, затерянной высоко в горах, и ее немногочисленных обитателей, каждый из которых немножко чудак, немножко ворчун и в каждом из которых таятся настоящие сокровища духа.";"1035305119";
"2019";"8";"«После измены»";"Мария Метлицкая";"легкая проза";"2015";"«Эксмо»";"русский";"РОССИЯ";"";"Что может быть ужаснее предательства близкого человека? Того, кто был рядом много лет, с которым прошли через все трудности и испытания, вырастили ребенка? Как смириться с тем, что он полюбил другую? Героиня новой книги Ирина в первую очередь мучается от того, что не может простить мужа, не может начать всё сначала, сделать вид, что ничего не было. Все вокруг говорят, что «поход налево» - дело житейское, что все мужчины изменяют, и многие её подруги, соседки, приятельницы прошли через этот ад, кто-то с большими, кто-то с меньшими потерями. Но Ирина, как ни старается, не может примерить их опыт на себя. Как смириться с тем, что он полюбил другую?";"1035305956";
"2019";"9";"«Земное притяжение»";"Татьяна Устинова";"роман";"2017";"«Эксмо»";"русский";"РОССИЯ";"";"Их четверо. Летчик из Анадыря, знаменитый искусствовед, шаманка из Алтайского села, модная московская художница. У каждого из них своя жизнь, но возникает внештатная ситуация, и эти четверо собираются вместе. Точнее - их собирают для выполнения задания!.. В Тамбовской библиотеке умер директор, а вслед за этим происходят странные события - библиотека разгромлена, словно в ней пытались найти все сокровища мира, а за сотрудниками явно кто-то следит. Что именно было спрятано среди книг?.. И отчего так важно это найти?.. Кто эти четверо? Почему они умеют все - управлять любыми видами транспорта, стрелять, делать хирургические операции, разгадывать сложные шифры?.. Летчик, искусствовед, шаманка и художница - ответят на все вопросы и пройдут все испытания. У них за плечами - целая общая жизнь, которая вмещается все - любовь, расставания, ссоры с близкими, старые обиды и новые надежды. Они справятся с заданием, распутают клубок, переживут потери и обретут любовь - земного притяжения никто не отменял!..";"1035305960";
"2019";"10";"«Цена вопроса. Том 2»";"Александра Маринина";"роман";"2017";"«Эксмо»";"русский";"РОССИЯ";"";"Программа против Системы. Системы всесильной и насквозь коррумпированной, на все имеющей цену и, при этом, ничего не способной ценить по-настоящему. Возможно ли такое? Генерал МВД Шарков твердо верил, что управляемая им Программа – последний шанс навести порядок в правоохранительных органах. Так было до тех пор, пока не исчез один из ее участников, одержимый радикальными идеями. А затем начались эти странные «парные» убийства И стало понятно, что если сегодня не остановить убийцу-фанатика, то завтра Программе придет конец. Но какую цену готов заплатить генерал Шарков за дело всей своей жизни? И чего это будет стоить полковнику Большакову и капитану Дзюбе, уже подключившихся к расследованию?";"1035305967";
"2019";"1";"Серия фантастических романов о Гарри Поттере";"Джоан Кэтлин Роулинг";"фэнтези";"1997";"«Росмен», «Махаон»";"английский";"СОЕДИНЕННОЕ КОРОЛЕВСТВО";"2000";"Серия романов, написанных британской писательницей Дж.К.Роулинг. Книги представляют собой хронику приключений юного волшебника Гарри Поттера, а также его друзей Рона Уизли и Гермионы Грейнджер, обучающихся в школе чародейства и волшебства Хогвартс. Основной сюжет посвящён противостоянию Гарри и тёмного волшебника по имени лорд Волан-де-Морт, в чьи цели входит обретение бессмертия и порабощение магического мира.";"1035307653";
"2019";"2";"«Верните меня в книжку»";"Тьерри Робберехт";"проза для детей";"2017";"«ЭНАС-КНИГА»";"французский";"ФРАНЦИЯ";"2017";"В комнате у маленькой Лизы - переполох. Кот сбросил на пол книжку, и оттуда выпал волк. Он рад бы вернуться домой, но все время попадает или не в ту книжку, или не на ту страницу Забавную историю про потерявшегося сказочного волка придумали французский писатель Тьерри Робберехт и художник Грегуар Мабир, знакомый нашим читателям по книжке «Как мыши в поход ходили».";"1035307660";
"2019";"3";"«Мэйделин Финн и библиотечная собака»";"Лиза Папп";"проза для детей";"2017";"«Поляндрия»";"английский";"СОЕДИНЕННЫЕ ШТАТЫ";"2017";"Мэйделин Финн НЕ ЛЮБИТ читать. Ни книжки. Ни журналы. Ни даже рекламу мороженого. К счастью, девочка подружилась с библиотечной собакой Бонни. И оказалось, что это не так уж и плохо, когда читаешь книжку вслух для Бонни. Потому что Бонни не сердится, если девочка запинается, а кроме того, можно погладить собаку, пока выговариваешь трудное слово. И вообще, хорошо читать, когда не боишься сделать ошибку. Вместе с Бонни девочка понимает, что нужно стараться и не торопиться, тем более когда рядом такой друг.";"1035307676";
"2019";"4";"«Совиный волк»";"Анастасия Строкина";"проза для детей";"2017";"«Росмен»";"русский";"РОССИЯ";"";"«Совиный волк» трогательная повесть о жизни на Крайнем севере, о полярной ночи, холоде и одиночестве и о том, как найти в своем сердце любовь к этому пустынному краю. Автор книги Анастасия Строкина – поэтесса и переводчица, победительница конкурса «Новая детская книга», финалистка премии им. В.Крапивина.";"1035307679";
"2019";"5";"«Амели и рыбка»";"Хельга Банш";"проза для детей";"2013";"«Молодая мама»";"немецкий";"АВСТРИЯ";"2017";"Амели полюбила рыбку и забрала ее из моря домой. Но подружка в неволе заболела! Что же делать? Книга Хельги Бланш подскажет как жить в мире с друзьями и уважать их свободу.";"1035307713";
"2019";"6";"«Муму», «Записки охотника»";"Иван Тургенев";"проза для детей";"1852";"«Детская литература»";"русский";"РОССИЯ";"";"В книгу вошли рассказ «Муму» и «Записки охотника» И.С.Тургенева. Рассказ «Муму» основан на реальных событиях, которые происходили в доме матери писателя. Дворник Герасим, человек богатырского сложения, глухонемой от рождения, усерден и исполнителен в работе. Нелегкая судьба и крах любви не озлобили его сердце. Герасим спасает свалившегося в воду щенка, приносит домой и дает кличку Муму (это слово он может произнести). Подросшая собачка доверчива и ласкова со всеми, а вот с барыней она не сдружилась. Барыня велит прогнать собаку. Герасим выполняет приказ «Записки охотника» - цикл рассказов из жизни мелкопоместного дворянства и помещиков, их крепостных и свободных крестьян, о быте и об обычаях, о нравах и характерах, о любви и обмане, и конечно, о красоте природы России. Для среднего школьного возраста.";"1035307723";
"2019";"7";"«Повести Белкина», «Пиковая дама»";"Александр Пушкин";"проза для детей";"1831";"«Детская литература»";"русский";"РОССИЯ";"";"Серия рекомендована Управлением общего среднего образования Министерства общего и профессионального образования РФ. В книгу вошли широко известные произведения А. С. Пушкина - «Повести покойного Ивана Петровича Белкина» и «Пиковая дама». Для старшего школьного возраста.";"1035307729";
"2019";"8";"«Лошадиная фамилия»";"Антон Чехов";"проза для детей";"1885";"«Детская литература»";"русский";"РОССИЯ";"";"В книгу вошли юмористические рассказы и водевили Антона Павловича Чехова - «Пересолил», «Толстый и тонкий», «Хирургия», «Налим», «Предложение», «Юбилей» и другие. Для среднего школьного возраста.";"1035307757";
"2019";"9";"«Чужак в огороде»";"Свен Нурдквист";"проза для детей";"2008";"«Открытый мир»";"шведский";"ШВЕЦИЯ";"2008";"У Петсона в курятнике десять кур. Котенок Финдус часто их дразнит. Иногда они вместе играют в салочки. Если не считать Петсона, куры - самые близкие друзья Финдуса. Но в один прекрасный день в огороде появляется огромный и красивый петух. Приключения начинаются! Истории про незадачливого старика Петсона и его друга - озорного кота Финдуса - переведены на многие языки и удостоены огромного количества литературных премий. Благодаря ярким персонажам, увлекательному сюжету и великолепным иллюстрациям они признаны классикой современной детской литературы. «Чужак в огороде» - это книга о том, что все люди разные, надо учиться жить вместе и быть терпимее к другим.";"1035307764";
"2019";"10";"«Конь с розовой гривой»";"Виктор Астафьев";"проза для детей";"1968";"«Детская литература»";"русский";"РОССИЯ";"";"В книгу входят рассказы о родине писателя - Сибири, о его детстве, этой удивительно светлой и прекрасной поре. Для среднего школьного возраста.";"1035307783";
